message_id,case_ref,cohort,gold_relevance,gold_polarity,pred_llm_polarity,pred_llm_relevance,pred_llm_intensity,pred_finbert_polarity,pred_finbert_score,pred_lm_polarity,pred_lm_score,pred_roberta_polarity,pred_roberta_score,pred_vader_polarity,pred_vader_score,stratum,sampling_weight
1001536211423580160,CASE_0514,archive,tangential,neutral,neutral,tangential,-1.0,negative,-0.8966725617647171,negative,-0.07142857142857142,neutral,-0.3257265277206898,positive,0.7783,tangential|neutral|archive,166.66666666666666
1001544612291411969,CASE_0592,archive,tangential,neutral,neutral,tangential,0.0,negative,-0.9387977216392756,negative,-0.02631578947368421,negative,-0.5460492502897978,neutral,0.0,tangential|neutral|archive,166.66666666666666
1002282621156642821,CASE_0394,archive,relevant,neutral,neutral,relevant,0.0,negative,-0.6085751447826624,neutral,0.0,neutral,-0.08751042932271957,positive,0.4466,relevant|neutral|archive,168.6
1004097753021059072,CASE_0524,archive,spam,neutral,neutral,spam,0.0,neutral,-0.0080718994140625,neutral,0.0,neutral,0.05604538880288601,positive,0.4466,spam|neutral|archive,166.65116279069767
1005839530035961856,CASE_0439,archive,tangential,neutral,neutral,tangential,0.0,positive,0.8322366699576378,positive,0.029411764705882353,neutral,0.43958373041823506,positive,0.5267,tangential|neutral|archive,166.66666666666666
1006571470284378113,CASE_0536,archive,relevant,neutral,neutral,relevant,0.0,neutral,-0.045208392664790154,neutral,0.0,neutral,-0.3654048964381218,positive,0.4005,relevant|neutral|archive,168.6
1006929095995875329,CASE_0387,archive,relevant,neutral,neutral,relevant,0.0,negative,-0.7992644906044006,negative,-0.02857142857142857,neutral,-0.1079472191631794,positive,0.2577,relevant|neutral|archive,168.6
1007826123756003328,CASE_0439,archive,relevant,neutral,negative,relevant,-1.0,negative,-0.7847711257636547,negative,-0.06521739130434782,negative,-0.5684050796553493,negative,-0.1697,relevant|negative|archive,166.27058823529413
1009480137333723136,CASE_0536,archive,spam,neutral,neutral,spam,0.0,neutral,-0.008969880640506744,neutral,0.0,neutral,0.03550555557012558,positive,0.3612,spam|neutral|archive,166.65116279069767
1009653877119991808,CASE_0536,archive,spam,neutral,neutral,spam,0.0,neutral,-0.037357909604907036,neutral,0.0,neutral,0.12608248740434647,positive,0.3612,spam|neutral|archive,166.65116279069767
1012332795618889734,CASE_0592,archive,relevant,neutral,neutral,tangential,0.0,negative,-0.9638338997028768,negative,-0.06060606060606061,neutral,-0.2862958237528801,positive,0.2023,tangential|neutral|archive,166.66666666666666
1012638566151802880,CASE_0495,archive,tangential,neutral,neutral,tangential,0.0,negative,-0.9594928286969662,negative,-0.02857142857142857,neutral,0.07046636566519737,positive,0.5106,tangential|neutral|archive,166.66666666666666
1012640825132675072,CASE_0495,archive,spam,neutral,neutral,tangential,0.0,neutral,0.01001742109656334,neutral,0.0,neutral,0.08335705380886793,neutral,0.0,tangential|neutral|archive,166.66666666666666
1013377362589872128,CASE_0435,archive,spam,neutral,neutral,spam,0.0,neutral,-0.2839888818562031,neutral,0.0,negative,-0.577243035659194,positive,0.4824,spam|neutral|archive,166.65116279069767
1013988460967878656,CASE_0536,archive,tangential,neutral,neutral,tangential,0.0,neutral,-0.06662316434085369,neutral,0.0,neutral,0.011862717568874359,positive,0.5267,tangential|neutral|archive,166.66666666666666
1015390224501878784,CASE_0689,archive,relevant,neutral,neutral,spam,0.0,neutral,0.33380754571408033,neutral,0.0,positive,0.5301151107996702,positive,0.5994,spam|neutral|archive,166.65116279069767
1017183163624448000,CASE_0459,archive,relevant,neutral,negative,relevant,-1.0,negative,-0.5145297516137362,negative,-0.05,neutral,-0.00048509612679481506,neutral,0.0,relevant|negative|archive,166.27058823529413
1017380879591706624,CASE_0459,archive,relevant,neutral,negative,relevant,-1.0,negative,-0.5842059068381786,negative,-0.05,neutral,-0.013318922370672226,positive,0.0772,relevant|negative|archive,166.27058823529413
1017604757915963392,CASE_0484,archive,relevant,neutral,neutral,relevant,0.0,negative,-0.504869319498539,negative,-0.058823529411764705,neutral,-0.41027343086898327,positive,0.6908,relevant|neutral|archive,168.6
1017963702325334016,CASE_0484,archive,relevant,negative,positive,relevant,1.0,neutral,0.08798902481794357,neutral,0.0,negative,-0.8869491741061211,negative,-0.4215,relevant|positive|archive,163.75
1019245371183259649,CASE_0435,archive,relevant,neutral,negative,relevant,-1.0,neutral,-0.4137200005352497,negative,-0.05,neutral,0.0025919899344444275,positive,0.0772,relevant|negative|archive,166.27058823529413
1019728434736566272,CASE_0484,archive,relevant,positive,positive,relevant,1.0,neutral,0.18399879150092602,neutral,0.0,neutral,0.3046277314424515,positive,0.8197,relevant|positive|archive,163.75
1020380753606135814,CASE_0439,archive,tangential,neutral,neutral,tangential,0.0,positive,0.9281414980068803,neutral,0.0,positive,0.49165688222274184,positive,0.296,tangential|neutral|archive,166.66666666666666
1021181582571442176,CASE_0484,archive,relevant,positive,positive,relevant,1.0,negative,-0.6129161790013313,negative,-0.017857142857142856,negative,-0.6499537108466029,negative,-0.6139,relevant|positive|archive,163.75
1021468505865162757,CASE_0484,archive,tangential,neutral,neutral,tangential,0.0,neutral,-0.17844889871776104,neutral,0.0,negative,-0.7516527622938156,neutral,0.0,tangential|neutral|archive,166.66666666666666
1021512279836254208,CASE_0484,archive,relevant,negative,negative,relevant,-2.0,negative,-0.4845992252230644,negative,-0.03225806451612903,negative,-0.8717664992436767,negative,-0.8668,relevant|negative|archive,166.27058823529413
1021630080903258117,CASE_0484,archive,tangential,negative,negative,spam,-2.0,neutral,-0.272206200286746,negative,-0.03571428571428571,negative,-0.902873435523361,negative,-0.1885,spam|negative|archive,168.85714285714286
1022561381105721350,CASE_0490,archive,relevant,neutral,negative,relevant,-1.0,negative,-0.854941800236702,negative,-0.05405405405405406,neutral,-0.21295937709510326,neutral,0.0,relevant|negative|archive,166.27058823529413
1022729165307629569,CASE_0514,archive,relevant,neutral,negative,relevant,-1.0,negative,-0.5809198636561632,negative,-0.0625,neutral,-0.03459164872765541,neutral,0.0,relevant|negative|archive,166.27058823529413
1024316687586222080,CASE_0478,archive,relevant,negative,negative,relevant,-1.0,neutral,-0.20392221957445145,negative,-0.09090909090909091,neutral,-0.06150607764720917,positive,0.3818,relevant|negative|archive,166.27058823529413
1024358894976548864,CASE_0490,archive,relevant,neutral,negative,relevant,-1.0,neutral,-0.14248380064964294,negative,-0.05263157894736842,neutral,-0.17035507783293724,positive,0.6289,relevant|negative|archive,166.27058823529413
1024413401060139008,CASE_0484,archive,relevant,negative,negative,relevant,-2.0,neutral,-0.18639595992863178,negative,-0.02564102564102564,neutral,-0.3058478720486164,negative,-0.3182,relevant|negative|archive,166.27058823529413
1024667438850498566,CASE_0484,archive,relevant,neutral,neutral,relevant,0.0,neutral,-0.4289375748485327,negative,-0.16666666666666666,negative,-0.6158994324505329,negative,-0.7579,relevant|neutral|archive,168.6
1024772897347383296,CASE_0484,archive,relevant,positive,positive,relevant,1.0,neutral,-0.1865185648202896,negative,-0.1111111111111111,negative,-0.8567003477364779,negative,-0.4885,relevant|positive|archive,163.75
1024843738365841408,CASE_0484,archive,relevant,neutral,negative,relevant,-1.0,negative,-0.9372579827904701,negative,-0.05,negative,-0.5811427272856236,positive,0.25,relevant|negative|archive,166.27058823529413
1024856794798145536,CASE_0484,archive,relevant,neutral,neutral,relevant,0.0,negative,-0.9212159467861056,negative,-0.09523809523809523,negative,-0.5126686114817858,neutral,0.0,relevant|neutral|archive,168.6
1026449748402823168,CASE_0495,archive,tangential,neutral,neutral,tangential,0.0,positive,0.9227239787578583,negative,-0.03333333333333333,neutral,-0.021413780748844147,positive,0.5423,tangential|neutral|archive,166.66666666666666
1026633229862936578,CASE_0478,archive,relevant,neutral,negative,relevant,-1.0,neutral,-0.07680854946374893,positive,0.045454545454545456,neutral,0.06290626525878906,positive,0.6037,relevant|negative|archive,166.27058823529413
1026885985123160065,CASE_0484,archive,relevant,negative,negative,relevant,-1.0,neutral,-0.10268369689583778,negative,-0.07692307692307693,negative,-0.6631370633840561,positive,0.2924,relevant|negative|archive,166.27058823529413
1026923317821939712,CASE_0484,archive,relevant,neutral,neutral,relevant,0.0,neutral,0.17051585018634796,neutral,0.0,neutral,0.33093009889125824,positive,0.6597,relevant|neutral|archive,168.6
1026931421942874112,CASE_0484,archive,relevant,neutral,negative,relevant,-1.0,negative,-0.5366608202457428,neutral,0.0,neutral,-0.16845691949129105,negative,-0.2263,relevant|negative|archive,166.27058823529413
1027529317117509634,CASE_0473,archive,relevant,neutral,negative,relevant,-1.0,negative,-0.9217637991532683,negative,-0.1,negative,-0.5137739609926939,negative,-0.2263,relevant|negative|archive,166.27058823529413
1029355208030150656,CASE_0459,archive,relevant,neutral,negative,relevant,-1.0,neutral,-0.04532787762582302,negative,-0.03225806451612903,neutral,-0.0016566552221775055,positive,0.6166,relevant|negative|archive,166.27058823529413
1030558148665462785,CASE_0472,archive,relevant,neutral,neutral,relevant,0.0,neutral,-0.10316157341003418,negative,-0.09090909090909091,neutral,-0.09945107251405716,positive,0.4466,relevant|neutral|archive,168.6
1031546834005774337,CASE_0473,archive,relevant,neutral,negative,relevant,-1.0,neutral,-0.04260743409395218,negative,-0.03571428571428571,neutral,-0.02398555353283882,positive,0.4939,relevant|negative|archive,166.27058823529413
1034078727012077568,CASE_0456,archive,relevant,negative,negative,relevant,-1.0,negative,-0.8073828034102917,negative,-0.047619047619047616,neutral,-0.21513544209301472,positive,0.4466,relevant|negative|archive,166.27058823529413
1034350046224035840,CASE_0467,archive,relevant,neutral,negative,relevant,-1.0,negative,-0.902227621525526,negative,-0.0625,neutral,-0.0959559716284275,neutral,0.0258,relevant|negative|archive,166.27058823529413
1037147955848011782,CASE_0504,archive,relevant,negative,negative,relevant,-2.0,neutral,-0.10117366164922714,negative,-0.03571428571428571,negative,-0.6445970814675093,negative,-0.7269,relevant|negative|archive,166.27058823529413
1037695013990346752,CASE_0459,archive,tangential,neutral,neutral,tangential,0.0,positive,0.9133664797991514,positive,0.029411764705882353,neutral,0.41085709910839796,positive,0.8225,tangential|neutral|archive,166.66666666666666
1047556385758744579,CASE_0576,archive,relevant,neutral,neutral,relevant,0.0,neutral,-0.3337535373866558,neutral,0.0,neutral,0.017220130190253258,positive,0.296,relevant|neutral|archive,168.6
1048134981384429568,CASE_0484,archive,relevant,neutral,negative,relevant,-1.0,negative,-0.8922301176935434,neutral,0.0,neutral,-0.36538354866206646,negative,-0.4588,relevant|negative|archive,166.27058823529413
1048137232983281665,CASE_0484,archive,relevant,neutral,negative,relevant,-1.0,negative,-0.8399190362542868,neutral,0.0,neutral,-0.41909922659397125,negative,-0.4588,relevant|negative|archive,166.27058823529413
1048142841275248640,CASE_0484,archive,spam,neutral,neutral,spam,0.0,neutral,-0.008062772452831268,neutral,0.0,neutral,0.09949232451617718,neutral,0.0,spam|neutral|archive,166.65116279069767
1048146486054346753,CASE_0484,archive,relevant,negative,negative,relevant,-1.0,negative,-0.9382067546248436,neutral,0.0,neutral,-0.39161400124430656,negative,-0.4767,relevant|negative|archive,166.27058823529413
1048151379284557826,CASE_0484,archive,tangential,neutral,neutral,tangential,0.0,neutral,0.03319706209003925,neutral,0.0,neutral,-0.10902498662471771,negative,-0.296,tangential|neutral|archive,166.66666666666666
1048207589765500934,CASE_0484,archive,relevant,neutral,neutral,relevant,0.0,negative,-0.9551926180720329,neutral,0.0,negative,-0.5720316376537085,negative,-0.2023,relevant|neutral|archive,168.6
1048222310744780800,CASE_0484,archive,relevant,negative,negative,relevant,-1.0,negative,-0.5077304616570473,negative,-0.037037037037037035,neutral,-0.3815900720655918,neutral,0.0,relevant|negative|archive,166.27058823529413
1048223268115763202,CASE_0484,archive,relevant,neutral,negative,relevant,-1.0,negative,-0.9569975147023797,neutral,0.0,negative,-0.5501269735395908,negative,-0.2023,relevant|negative|archive,166.27058823529413
1048223561175818240,CASE_0484,archive,relevant,neutral,neutral,relevant,0.0,positive,0.31920769810676575,neutral,0.0,neutral,0.2230602763593197,negative,-0.128,relevant|neutral|archive,168.6
1048285156447080448,CASE_0484,archive,relevant,neutral,negative,relevant,-1.0,negative,-0.9441202888265252,neutral,0.0,negative,-0.6828902792185545,negative,-0.2023,relevant|negative|archive,166.27058823529413
1048296786710945792,CASE_0484,archive,relevant,negative,negative,relevant,-1.0,negative,-0.9518256457522511,neutral,0.0,neutral,-0.391008323058486,negative,-0.2023,relevant|negative|archive,166.27058823529413
1048319506878218240,CASE_0484,archive,relevant,negative,negative,relevant,-1.0,negative,-0.5026235803961754,negative,-0.058823529411764705,negative,-0.6390166571363807,negative,-0.6597,relevant|negative|archive,166.27058823529413
1048345557050122240,CASE_0484,archive,relevant,negative,negative,relevant,-1.0,negative,-0.9643077319487929,positive,0.03571428571428571,negative,-0.7756408378481865,positive,0.6486,relevant|negative|archive,166.27058823529413
1048473874634039296,CASE_0484,archive,tangential,positive,positive,tangential,1.0,neutral,-0.011742454022169113,neutral,0.0,positive,0.6750361435115337,neutral,0.0,tangential|positive|archive,187.0
1048614558976200704,CASE_0484,archive,tangential,neutral,neutral,relevant,0.0,neutral,-0.2997163590043783,neutral,0.0,neutral,-0.36649245116859674,positive,0.2732,relevant|neutral|archive,168.6
1048937779122638849,CASE_0484,archive,relevant,negative,negative,relevant,-2.0,negative,-0.5767422765493393,negative,-0.047619047619047616,negative,-0.5992982434108853,negative,-0.5267,relevant|negative|archive,166.27058823529413
1049327308480434176,CASE_0484,archive,relevant,negative,negative,relevant,-1.0,neutral,-0.007043180987238884,neutral,0.0,positive,0.3872300162911415,negative,-0.1027,relevant|negative|archive,166.27058823529413
1049482041702666241,CASE_0484,archive,relevant,neutral,neutral,relevant,0.0,neutral,-0.06412644684314728,positive,0.03225806451612903,neutral,-0.2969072237610817,positive,0.1941,relevant|neutral|archive,168.6
1049749336559513600,CASE_0484,archive,tangential,positive,positive,tangential,1.0,neutral,0.021386373788118362,neutral,0.0,neutral,0.05535084009170532,positive,0.5202,tangential|positive|archive,187.0
1049801924114087936,CASE_0484,archive,relevant,negative,negative,relevant,-1.0,neutral,-0.06424985080957413,neutral,0.0,neutral,-0.117689348757267,negative,-0.2732,relevant|negative|archive,166.27058823529413
1050084535042564096,CASE_0484,archive,tangential,negative,negative,tangential,-1.0,neutral,-0.4155933279544115,negative,-0.05,negative,-0.898326987400651,negative,-0.5983,tangential|negative|archive,141.66666666666666
1050440362156847104,CASE_0484,archive,relevant,negative,negative,relevant,-1.0,negative,-0.5973018258810043,neutral,0.0,negative,-0.6561245266348124,positive,0.7269,relevant|negative|archive,166.27058823529413
1050827844773797888,CASE_0518,archive,tangential,neutral,negative,relevant,-1.0,negative,-0.5486977491527796,negative,-0.07142857142857142,neutral,-0.06509320065379143,neutral,0.0,relevant|negative|archive,166.27058823529413
1053309717664198656,CASE_0518,archive,spam,neutral,negative,spam,-1.0,neutral,-0.3295744936913252,negative,-0.02857142857142857,negative,-0.509937921538949,neutral,-0.0258,spam|negative|archive,168.85714285714286
1056913125075763200,CASE_0568,archive,tangential,neutral,neutral,tangential,0.0,negative,-0.8657638132572174,negative,-0.043478260869565216,neutral,-0.325109101831913,positive,0.6908,tangential|neutral|archive,166.66666666666666
1062296458483900418,CASE_0530,archive,tangential,neutral,neutral,tangential,0.0,negative,-0.9557189429178834,negative,-0.02631578947368421,neutral,-0.12050772830843925,positive,0.25,tangential|neutral|archive,166.66666666666666
1062723277469220865,CASE_0698,archive,tangential,neutral,neutral,tangential,0.0,neutral,0.0027466006577014923,neutral,0.0,neutral,0.09822889976203442,neutral,0.0,tangential|neutral|archive,166.66666666666666
1065314594833473537,CASE_0568,archive,relevant,negative,negative,relevant,-1.0,negative,-0.53318976983428,negative,-0.07142857142857142,neutral,-0.05851198732852936,positive,0.4939,relevant|negative|archive,166.27058823529413
1068606446001156096,CASE_0593,archive,tangential,neutral,neutral,tangential,0.0,negative,-0.740350104868412,neutral,0.0,neutral,0.12568460684269667,neutral,0.0,tangential|neutral|archive,166.66666666666666
1078712962930466817,CASE_0696,archive,relevant,neutral,negative,relevant,-1.0,negative,-0.6046616397798061,negative,-0.04,neutral,-0.03520771488547325,positive,0.4995,relevant|negative|archive,166.27058823529413
1087602235150725120,CASE_0590,archive,relevant,neutral,negative,relevant,-1.0,neutral,0.37827515602111816,neutral,0.0,neutral,-0.02127784863114357,positive,0.6166,relevant|negative|archive,166.27058823529413
1090430742767775746,CASE_0689,archive,relevant,neutral,negative,relevant,-1.0,negative,-0.9206510353833437,negative,-0.03571428571428571,negative,-0.4916160209104419,negative,-0.1697,relevant|negative|archive,166.27058823529413
1102695890987507712,CASE_0021,2024,spam,neutral,neutral,tangential,0.0,neutral,-0.006739750504493713,neutral,0.0,neutral,0.03028631955385208,neutral,0.0,tangential|neutral|2024,164.07142857142858
1107689763115622401,CASE_0152,2024,tangential,neutral,neutral,tangential,0.0,negative,-0.7802017331123352,negative,-0.06451612903225806,neutral,-0.13255028799176216,positive,0.5423,tangential|neutral|2024,164.07142857142858
1306643575824883713,CASE_0215,2025,tangential,neutral,neutral,tangential,0.0,neutral,-0.011072469875216484,negative,-0.07692307692307693,neutral,-0.12318381108343601,negative,-0.2263,tangential|neutral|2025,159.14285714285714
1347529443829493761,CASE_0215,2025,spam,neutral,neutral,spam,0.0,neutral,-0.05379089154303074,negative,-0.0625,neutral,-0.1486726924777031,negative,-0.2263,spam|neutral|2025,166.0
1349681843034091520,CASE_0215,2025,spam,neutral,neutral,spam,0.0,neutral,-0.01410898007452488,negative,-0.07142857142857142,neutral,-0.12125354260206223,negative,-0.2263,spam|neutral|2025,166.0
1367232734352007171,CASE_0021,2024,spam,neutral,neutral,tangential,0.0,neutral,0.01633053459227085,neutral,0.0,neutral,0.02506091445684433,positive,0.4588,tangential|neutral|2024,164.07142857142858
1377685632604991489,CASE_0021,2024,relevant,neutral,neutral,relevant,0.0,neutral,-0.029762431979179382,neutral,0.0,neutral,0.02772568166255951,positive,0.2732,relevant|neutral|2024,162.94117647058823
1388074296652730371,CASE_0026,2024,relevant,neutral,neutral,tangential,0.0,neutral,-0.050322048366069794,neutral,0.0,neutral,0.055865414440631866,neutral,0.0,tangential|neutral|2024,164.07142857142858
1416233619421552642,CASE_0215,2025,tangential,neutral,neutral,spam,0.0,neutral,0.03056812658905983,neutral,0.0,neutral,0.046009913086891174,positive,0.296,spam|neutral|2025,166.0
1454177367178375170,CASE_0215,2025,tangential,neutral,neutral,tangential,0.0,neutral,-0.0002409219741821289,neutral,0.0,neutral,-0.038761185482144356,positive,0.3182,tangential|neutral|2025,159.14285714285714
1456052046264741896,CASE_0215,2025,relevant,neutral,neutral,relevant,0.0,neutral,-6.569549441337585e-05,negative,-0.05,neutral,-0.16247215494513512,positive,0.0772,relevant|neutral|2025,172.0
1461066555379302403,CASE_0092,2024,tangential,neutral,neutral,tangential,0.0,neutral,0.032563649117946625,negative,-0.030303030303030304,neutral,-0.07485833391547203,positive,0.0772,tangential|neutral|2024,164.07142857142858
1468587406777409536,CASE_0014,2024,tangential,neutral,neutral,spam,0.0,neutral,0.24375425465404987,neutral,0.0,neutral,0.13810774870216846,negative,-0.4767,spam|neutral|2024,177.375
1487145441578094592,CASE_0024,2024,spam,neutral,neutral,spam,0.0,neutral,-0.014151008799672127,neutral,0.0,neutral,0.0825874088332057,negative,-0.1984,spam|neutral|2024,177.375
1507173986634854400,CASE_0001,2024,tangential,neutral,neutral,tangential,0.0,positive,0.9235285138711333,negative,-0.045454545454545456,neutral,-0.012151099741458893,positive,0.3182,tangential|neutral|2024,164.07142857142858
1512408256282464258,CASE_0214,2025,tangential,neutral,neutral,spam,0.0,neutral,-0.11143640987575054,negative,-0.0625,neutral,-0.2630664184689522,positive,0.2808,spam|neutral|2025,166.0
1514356029949063169,CASE_0005,2024,tangential,neutral,neutral,spam,0.0,neutral,-0.008122699335217476,neutral,0.0,neutral,0.06401703786104918,negative,-0.1984,spam|neutral|2024,177.375
1514695829239615491,CASE_0038,2024,tangential,neutral,neutral,tangential,0.0,neutral,-0.016532737761735916,negative,-0.07692307692307693,neutral,-0.15703250095248222,negative,-0.2263,tangential|neutral|2024,164.07142857142858
1552477476529483776,CASE_0003,2024,relevant,positive,positive,relevant,1.0,neutral,-0.01831730455160141,neutral,0.0,neutral,-0.0986195057630539,neutral,0.0,relevant|positive|2024,165.85714285714286
1558116576930439168,CASE_0092,2024,tangential,neutral,neutral,tangential,0.0,neutral,0.015564722940325737,negative,-0.03225806451612903,neutral,-0.07068590261042118,positive,0.3612,tangential|neutral|2024,164.07142857142858
1578325660770398208,CASE_0010,2024,tangential,neutral,neutral,spam,0.0,neutral,-0.23764837719500065,neutral,0.0,neutral,0.05681375414133072,neutral,0.0,spam|neutral|2024,177.375
1593003496353468417,CASE_0005,2024,relevant,neutral,neutral,relevant,0.0,neutral,0.04223378747701645,negative,-0.022727272727272728,neutral,-0.02744394913315773,positive,0.4404,relevant|neutral|2024,162.94117647058823
1594873493056692224,CASE_0009,2024,relevant,negative,negative,relevant,-2.0,negative,-0.7938361912965775,negative,-0.1111111111111111,negative,-0.7544109867885709,negative,-0.6369,relevant|negative|2024,168.07894736842104
1596302771967627264,CASE_0009,2024,tangential,neutral,neutral,tangential,0.0,neutral,-0.007964849472045898,neutral,0.0,neutral,0.09332013875246048,positive,0.5267,tangential|neutral|2024,164.07142857142858
1597137470701043712,CASE_0009,2024,tangential,negative,negative,tangential,-1.0,neutral,-0.09620944410562515,negative,-0.04,negative,-0.7772372160106897,negative,-0.5859,tangential|negative|2024,155.33333333333334
1597945189519495168,CASE_0009,2024,tangential,neutral,neutral,tangential,0.0,neutral,0.08131623826920986,neutral,0.0,neutral,0.08075983822345734,positive,0.4215,tangential|neutral|2024,164.07142857142858
1599922191826845696,CASE_0248,2025,tangential,neutral,neutral,tangential,0.0,neutral,0.03947477415204048,negative,-0.05263157894736842,neutral,-0.12967353872954845,positive,0.296,tangential|neutral|2025,159.14285714285714
1601245565496348674,CASE_0024,2024,relevant,positive,positive,tangential,1.0,neutral,0.12741472106426954,neutral,0.0,neutral,0.4480425212532282,positive,0.4019,tangential|positive|2024,88.0
1602428868144644097,CASE_0009,2024,relevant,negative,negative,relevant,-2.0,neutral,-0.38665711879730225,negative,-0.061224489795918366,negative,-0.754964898340404,negative,-0.8225,relevant|negative|2024,168.07894736842104
1603208588561981441,CASE_0009,2024,relevant,negative,negative,relevant,-2.0,neutral,-0.12500400468707085,neutral,0.0,negative,-0.9367159195244312,neutral,-0.0258,relevant|negative|2024,168.07894736842104
1609741552393519105,CASE_0012,2024,relevant,negative,negative,relevant,-2.0,neutral,-0.09196821972727776,negative,-0.05263157894736842,negative,-0.5814650561660528,negative,-0.3612,relevant|negative|2024,168.07894736842104
1610004829094514695,CASE_0009,2024,relevant,negative,negative,relevant,-1.0,neutral,-0.18351349979639053,negative,-0.023255813953488372,neutral,-0.09244401007890701,positive,0.1779,relevant|negative|2024,168.07894736842104
1610784586329460737,CASE_0009,2024,relevant,negative,negative,relevant,-2.0,neutral,-0.19773123040795326,negative,-0.02040816326530612,negative,-0.8023349465802312,negative,-0.6544,relevant|negative|2024,168.07894736842104
1612036170690760704,CASE_0009,2024,relevant,negative,negative,relevant,-2.0,neutral,-0.19524728879332542,negative,-0.038461538461538464,negative,-0.8960458468645811,negative,-0.93,relevant|negative|2024,168.07894736842104
1612429731277996033,CASE_0009,2024,relevant,negative,negative,relevant,-2.0,neutral,-0.052826061844825745,negative,-0.020833333333333332,negative,-0.8352934485301375,negative,-0.8399,relevant|negative|2024,168.07894736842104
1612443504013344771,CASE_0214,2025,tangential,neutral,neutral,spam,0.0,neutral,-0.14925037883222103,negative,-0.0625,neutral,-0.25126906484365463,positive,0.2808,spam|neutral|2025,166.0
1613539419327184896,CASE_0009,2024,relevant,negative,negative,relevant,-2.0,neutral,-0.2528339512646198,negative,-0.047619047619047616,negative,-0.9259406942874193,negative,-0.8718,relevant|negative|2024,168.07894736842104
1613603794297786368,CASE_0009,2024,relevant,negative,negative,relevant,-2.0,neutral,-0.129078671336174,negative,-0.07142857142857142,negative,-0.9093612781725824,negative,-0.9509,relevant|negative|2024,168.07894736842104
1613955389988687872,CASE_0009,2024,relevant,negative,negative,relevant,-2.0,neutral,-0.09807534702122211,negative,-0.08823529411764706,neutral,-0.4147333838045597,negative,-0.6408,relevant|negative|2024,168.07894736842104
1618426374066425856,CASE_0238,2025,relevant,negative,neutral,spam,0.0,neutral,-0.4118890520185232,negative,-0.09090909090909091,negative,-0.6876327898353338,negative,-0.7845,spam|neutral|2025,166.0
1623806754738823170,CASE_0014,2024,tangential,neutral,neutral,tangential,0.0,neutral,-0.0053809043020009995,positive,0.043478260869565216,neutral,0.012240514159202576,positive,0.4404,tangential|neutral|2024,164.07142857142858
1631774778494165000,CASE_0001,2024,spam,neutral,neutral,tangential,0.0,neutral,0.0028218738734722137,neutral,0.0,neutral,0.021850669756531715,positive,0.296,tangential|neutral|2024,164.07142857142858
1633872614207750144,CASE_0223,2025,relevant,positive,positive,relevant,1.0,neutral,0.15656188316643238,neutral,0.0,positive,0.650828167796135,positive,0.872,relevant|positive|2025,168.25
1634513358534631428,CASE_0223,2025,spam,positive,positive,spam,1.0,neutral,0.04426307789981365,positive,0.019230769230769232,positive,0.6825446798466146,positive,0.4588,spam|positive|2025,226.0
1635372104639193090,CASE_0152,2024,tangential,neutral,neutral,spam,0.0,neutral,-0.08713395521044731,negative,-0.034482758620689655,neutral,-0.0853900145739317,negative,-0.2263,spam|neutral|2024,177.375
1641745396429905921,CASE_0026,2024,spam,neutral,neutral,spam,0.0,neutral,-0.008494365960359573,negative,-0.08333333333333333,neutral,-0.12530244886875153,negative,-0.2263,spam|neutral|2024,177.375
1646603824767946783,CASE_0205,2025,tangential,neutral,neutral,spam,0.0,negative,-0.6878978833556175,negative,-0.06451612903225806,neutral,-0.0864110067486763,negative,-0.5106,spam|neutral|2025,166.0
1647965039561670656,CASE_0040,2024,tangential,neutral,neutral,spam,0.0,neutral,-0.14217586815357208,negative,-0.02564102564102564,neutral,-0.07101668603718281,negative,-0.2263,spam|neutral|2024,177.375
1648835474142666753,CASE_0010,2024,relevant,neutral,negative,relevant,-1.0,neutral,0.007407007738947868,negative,-0.027777777777777776,neutral,-0.09889697656035423,positive,0.6633,relevant|negative|2024,168.07894736842104
1651018292989927426,CASE_0022,2024,relevant,negative,negative,relevant,-1.0,neutral,-0.11484819650650024,negative,-0.12,neutral,0.009922105818986893,neutral,0.0,relevant|negative|2024,168.07894736842104
1651942554596958212,CASE_0040,2024,tangential,neutral,neutral,tangential,0.0,neutral,0.02186925895512104,neutral,0.0,neutral,0.2265011202543974,neutral,0.0,tangential|neutral|2024,164.07142857142858
1654501967379480576,CASE_0214,2025,relevant,negative,negative,relevant,-1.0,neutral,0.09938428178429604,neutral,0.0,neutral,-0.3435541559010744,positive,0.2808,relevant|negative|2025,167.04545454545453
1655895520441942016,CASE_0040,2024,relevant,neutral,neutral,relevant,0.0,neutral,-0.04473894275724888,negative,-0.034482758620689655,neutral,-0.06111806444823742,negative,-0.2263,relevant|neutral|2024,162.94117647058823
1658412602253271040,CASE_0214,2025,relevant,positive,positive,relevant,1.0,neutral,0.1894756555557251,negative,-0.03125,neutral,0.0028130821883678436,positive,0.6841,relevant|positive|2025,168.25
1660693912485511169,CASE_0040,2024,relevant,neutral,neutral,relevant,0.0,negative,-0.5601257346570492,negative,-0.04,neutral,0.006487306207418442,positive,0.4466,relevant|neutral|2024,162.94117647058823
166481292530171905,CASE_0547,archive,tangential,neutral,neutral,tangential,0.0,neutral,-0.02922442927956581,neutral,0.0,neutral,0.05629486218094826,neutral,0.0,tangential|neutral|archive,166.66666666666666
1678166569887621121,CASE_0001,2024,relevant,neutral,negative,relevant,-1.0,neutral,0.04318739101290703,neutral,0.0,positive,0.5047876983880997,neutral,0.0258,relevant|negative|2024,168.07894736842104
1682525171326889984,CASE_0126,2024,relevant,positive,positive,relevant,1.0,neutral,-0.2523375675082207,negative,-0.18181818181818182,negative,-0.5532914064824581,neutral,0.0,relevant|positive|2024,165.85714285714286
1699850733368275130,CASE_0223,2025,relevant,negative,negative,relevant,-1.0,neutral,-0.4098961893469095,neutral,0.0,neutral,0.006873304024338722,positive,0.296,relevant|negative|2025,167.04545454545453
1708234164364095780,CASE_0126,2024,relevant,negative,negative,relevant,-1.0,neutral,-0.20344920083880424,neutral,0.0,neutral,-0.12715945951640606,negative,-0.3182,relevant|negative|2024,168.07894736842104
1721918772259512518,CASE_0014,2024,tangential,negative,negative,tangential,-1.0,neutral,0.03805817663669586,negative,-0.02702702702702703,negative,-0.5254964493215084,positive,0.2323,tangential|negative|2024,155.33333333333334
1722988966394130525,CASE_0254,2025,relevant,negative,negative,relevant,-1.0,negative,-0.8157231770455837,neutral,0.0,neutral,0.04951081797480583,neutral,0.0,relevant|negative|2025,167.04545454545453
1736066153686970799,CASE_0009,2024,relevant,negative,negative,relevant,-2.0,neutral,-0.1849512830376625,negative,-0.05357142857142857,negative,-0.46908388659358025,negative,-0.8519,relevant|negative|2024,168.07894736842104
1740557502482362729,CASE_0126,2024,relevant,negative,negative,relevant,-2.0,neutral,-0.32247581519186497,negative,-0.09090909090909091,negative,-0.5814635511487722,negative,-0.9314,relevant|negative|2024,168.07894736842104
1743687936166486365,CASE_0126,2024,relevant,positive,positive,relevant,1.0,neutral,-0.07037348672747612,neutral,0.0,neutral,0.08057866990566254,positive,0.9153,relevant|positive|2024,165.85714285714286
1744460048858775902,CASE_0009,2024,relevant,negative,negative,relevant,-1.0,neutral,-0.2959851659834385,neutral,0.0,negative,-0.5381560903042555,positive,0.3612,relevant|negative|2024,168.07894736842104
1747729364781858965,CASE_0040,2024,relevant,negative,negative,relevant,-1.0,negative,-0.34268760681152344,neutral,0.0,neutral,0.2784753842279315,positive,0.6597,relevant|negative|2024,168.07894736842104
1747782191248196048,CASE_0009,2024,relevant,negative,negative,relevant,-2.0,negative,-0.8658045325428247,negative,-0.13636363636363635,negative,-0.872788330540061,negative,-0.8946,relevant|negative|2024,168.07894736842104
1751954103570215041,CASE_0009,2024,relevant,negative,negative,relevant,-2.0,neutral,-0.38255302980542183,negative,-0.038461538461538464,negative,-0.7488423902541399,negative,-0.4215,relevant|negative|2024,168.07894736842104
1752708070713790741,CASE_0009,2024,relevant,negative,negative,relevant,-2.0,neutral,0.03502023033797741,neutral,0.0,neutral,-0.3461926467716694,negative,-0.0516,relevant|negative|2024,168.07894736842104
1753008310356181297,CASE_0009,2024,relevant,negative,negative,relevant,-1.0,neutral,-0.2672983445227146,negative,-0.04878048780487805,neutral,-0.25880021788179874,positive,0.2794,relevant|negative|2024,168.07894736842104
1753791248509309413,CASE_0136,2024,relevant,negative,negative,relevant,-2.0,negative,-0.6100547965615988,negative,-0.023809523809523808,negative,-0.8994059078395367,negative,-0.3612,relevant|negative|2024,168.07894736842104
1757446773545582889,CASE_0009,2024,relevant,negative,negative,relevant,-2.0,neutral,-0.03008192777633667,positive,0.029411764705882353,neutral,-0.2881377786397934,positive,0.5994,relevant|negative|2024,168.07894736842104
1758114523557339292,CASE_0013,2024,relevant,neutral,neutral,relevant,0.0,neutral,-0.014560438692569733,neutral,0.0,neutral,0.004023157060146332,positive,0.8256,relevant|neutral|2024,162.94117647058823
1761039453404230090,CASE_0009,2024,relevant,neutral,neutral,relevant,0.0,negative,-0.6982303932309151,negative,-0.03571428571428571,negative,-0.7799855917692184,negative,-0.4606,relevant|neutral|2024,162.94117647058823
1766250907128545475,CASE_0242,2025,relevant,neutral,neutral,relevant,0.0,positive,0.5022985907271504,neutral,0.0,neutral,0.19871848449110985,neutral,0.0,relevant|neutral|2025,172.0
1767646653794943307,CASE_0020,2024,relevant,neutral,neutral,relevant,0.0,positive,0.8506479673087597,positive,0.0625,neutral,0.2122133979573846,positive,0.8074,relevant|neutral|2024,162.94117647058823
1770196041813614881,CASE_0043,2024,relevant,positive,positive,relevant,1.0,neutral,-0.014239136129617691,positive,0.02631578947368421,neutral,-0.03140302002429962,positive,0.6124,relevant|positive|2024,165.85714285714286
1770503082658660645,CASE_0020,2024,relevant,negative,negative,relevant,-2.0,negative,-0.5230968724936247,negative,-0.05263157894736842,negative,-0.7800946338102221,negative,-0.296,relevant|negative|2024,168.07894736842104
1772647684651774108,CASE_0126,2024,relevant,neutral,neutral,relevant,0.0,neutral,-0.019815267994999886,negative,-0.029411764705882353,neutral,0.10183111298829317,positive,0.4767,relevant|neutral|2024,162.94117647058823
1775867953206194321,CASE_0009,2024,relevant,neutral,neutral,relevant,0.0,negative,-0.8338603936135769,negative,-0.1,neutral,-0.030025195330381393,negative,-0.6124,relevant|neutral|2024,162.94117647058823
1777827021046812678,CASE_0043,2024,relevant,positive,positive,relevant,1.0,neutral,0.0006335880607366562,neutral,0.0,neutral,-0.119858518242836,positive,0.8065,relevant|positive|2024,165.85714285714286
1780771981345927596,CASE_0227,2025,relevant,negative,negative,relevant,-1.0,negative,-0.9189231470227242,negative,-0.043478260869565216,negative,-0.6938055148348212,negative,-0.2263,relevant|negative|2025,167.04545454545453
1785098043228139813,CASE_0034,2024,relevant,neutral,neutral,relevant,0.0,negative,-0.5411157198250294,negative,-0.06451612903225806,neutral,-0.36542033962905407,negative,-0.5423,relevant|neutral|2024,162.94117647058823
1790132299805184283,CASE_0034,2024,spam,negative,negative,spam,-1.0,positive,0.4567585363984108,positive,0.038461538461538464,neutral,0.06571756675839424,positive,0.4404,spam|negative|2024,131.5
1798030025608069325,CASE_0043,2024,relevant,negative,negative,relevant,-2.0,negative,-0.6482986696064472,negative,-0.047619047619047616,negative,-0.7194781731814146,negative,-0.9168,relevant|negative|2024,168.07894736842104
1798035686668534190,CASE_0043,2024,relevant,negative,negative,relevant,-1.0,neutral,-0.08180579915642738,positive,0.02127659574468085,neutral,-0.12681745551526546,positive,0.7184,relevant|negative|2024,168.07894736842104
1798158740447015324,CASE_0043,2024,spam,negative,negative,spam,-1.0,neutral,-0.11806868016719818,negative,-0.030303030303030304,negative,-0.5935139302164316,negative,-0.6808,spam|negative|2024,131.5
1798734453369717172,CASE_0242,2025,relevant,negative,negative,relevant,-1.0,neutral,-0.01307680830359459,neutral,0.0,negative,-0.7948543997481465,negative,-0.8374,relevant|negative|2025,167.04545454545453
1798800094273122602,CASE_0043,2024,relevant,negative,negative,relevant,-1.0,negative,-0.47779023088514805,negative,-0.038461538461538464,neutral,-0.3188613951206207,neutral,0.0,relevant|negative|2024,168.07894736842104
1798855834774233466,CASE_0043,2024,tangential,neutral,neutral,tangential,0.0,neutral,0.06340347230434418,neutral,0.0,neutral,0.15035350155085325,neutral,0.0,tangential|neutral|2024,164.07142857142858
1799221073772151262,CASE_0043,2024,relevant,neutral,neutral,relevant,0.0,neutral,-0.016676731407642365,neutral,0.0,neutral,0.028640881180763245,negative,-0.3182,relevant|neutral|2024,162.94117647058823
1799846211626946961,CASE_0009,2024,tangential,negative,negative,tangential,-1.0,neutral,-0.438575042411685,negative,-0.041666666666666664,negative,-0.7297885045409203,negative,-0.1697,tangential|negative|2024,155.33333333333334
1800103665379995860,CASE_0025,2024,relevant,negative,negative,relevant,-1.0,neutral,-0.31655168905854225,negative,-0.045454545454545456,neutral,-0.37879354506731033,negative,-0.4939,relevant|negative|2024,168.07894736842104
1801614836507537919,CASE_0039,2024,relevant,neutral,neutral,relevant,0.0,neutral,0.27018405869603157,neutral,0.0,neutral,-0.22017534263432026,positive,0.128,relevant|neutral|2024,162.94117647058823
1802322877468836329,CASE_0009,2024,relevant,neutral,neutral,relevant,0.0,neutral,-0.24972794391214848,negative,-0.09090909090909091,negative,-0.7995003210380673,negative,-0.6808,relevant|neutral|2024,162.94117647058823
1803803278637158909,CASE_0025,2024,relevant,positive,positive,relevant,1.0,neutral,0.071128711104393,neutral,0.0,positive,0.523025490809232,neutral,0.0,relevant|positive|2024,165.85714285714286
1807773962115465222,CASE_0020,2024,relevant,negative,negative,relevant,-1.0,neutral,0.016494907438755035,neutral,0.0,negative,-0.8351577306166291,positive,0.8074,relevant|negative|2024,168.07894736842104
1810023301932028124,CASE_0009,2024,relevant,neutral,neutral,relevant,0.0,neutral,-0.14384718984365463,negative,-0.08333333333333333,neutral,-0.37451475113630295,positive,0.4019,relevant|neutral|2024,162.94117647058823
1810138350554325386,CASE_0009,2024,relevant,negative,negative,relevant,-1.0,neutral,-0.0010102204978466034,negative,-0.10256410256410256,neutral,-0.30416029319167137,positive,0.1027,relevant|negative|2024,168.07894736842104
1810615341510164961,CASE_0240,2025,tangential,neutral,neutral,tangential,0.0,neutral,0.010045716539025307,neutral,0.0,neutral,0.019921472296118736,neutral,0.0,tangential|neutral|2025,159.14285714285714
1818976228784664844,CASE_0227,2025,tangential,neutral,neutral,relevant,0.0,neutral,-0.37434788793325424,neutral,0.0,neutral,0.07786914519965649,neutral,-0.0258,relevant|neutral|2025,172.0
1819155196829941975,CASE_0009,2024,tangential,neutral,negative,relevant,-1.0,neutral,0.19222341943532228,negative,-0.038461538461538464,neutral,-0.11761274188756943,positive,0.0516,relevant|negative|2024,168.07894736842104
1823379306669633868,CASE_0020,2024,relevant,negative,negative,relevant,-1.0,neutral,-0.017034607008099556,neutral,0.0,neutral,0.022058110684156418,neutral,0.0,relevant|negative|2024,168.07894736842104
1833910588474548342,CASE_0215,2025,relevant,negative,negative,relevant,-1.0,neutral,-0.05919482931494713,neutral,0.0,neutral,-0.18499460816383362,negative,-0.1431,relevant|negative|2025,167.04545454545453
1838999184403251224,CASE_0020,2024,relevant,positive,positive,relevant,1.0,neutral,0.01847735047340393,neutral,0.0,neutral,0.035111114382743835,negative,-0.6621,relevant|positive|2024,165.85714285714286
1839430671477137826,CASE_0020,2024,relevant,neutral,neutral,relevant,0.0,negative,-0.861655630171299,negative,-0.047619047619047616,negative,-0.5742643000558019,negative,-0.3182,relevant|neutral|2024,162.94117647058823
1840382269489570237,CASE_0020,2024,relevant,neutral,neutral,relevant,0.0,negative,-0.695251451805234,negative,-0.07692307692307693,negative,-0.7757197972387075,positive,0.3365,relevant|neutral|2024,162.94117647058823
1849885371753984401,CASE_0018,2024,relevant,negative,negative,relevant,-1.0,negative,-0.17838850617408752,neutral,0.0,negative,-0.787005583755672,negative,-0.8607,relevant|negative|2024,168.07894736842104
1856423854001832096,CASE_0251,2025,relevant,neutral,neutral,relevant,0.0,neutral,-0.3810534253716469,negative,-0.04,neutral,-0.34639314748346806,positive,0.5423,relevant|neutral|2025,172.0
1856563676251111626,CASE_0251,2025,relevant,neutral,neutral,relevant,0.0,negative,-0.8271703496575356,negative,-0.06976744186046512,neutral,-0.45759239699691534,negative,-0.3818,relevant|neutral|2025,172.0
1860430441154564111,CASE_0242,2025,tangential,positive,positive,tangential,1.0,neutral,0.04961054585874081,neutral,0.0,positive,0.9343129070475698,positive,0.5411,tangential|positive|2025,160.0
1861044218854003175,CASE_0020,2024,relevant,negative,negative,relevant,-2.0,negative,-0.8855106644332409,negative,-0.12195121951219512,negative,-0.83079450763762,negative,-0.8316,relevant|negative|2024,168.07894736842104
1862078651077927348,CASE_0018,2024,relevant,neutral,neutral,relevant,0.0,negative,-0.49508101493120193,negative,-0.1,neutral,-0.04566791281104088,negative,-0.6486,relevant|neutral|2024,162.94117647058823
1863658285099786711,CASE_0020,2024,relevant,negative,negative,relevant,-2.0,negative,-0.7660439405590296,neutral,0.0,neutral,-0.0999830886721611,positive,0.6598,relevant|negative|2024,168.07894736842104
1864819525532713250,CASE_0251,2025,relevant,negative,negative,relevant,-2.0,negative,-0.6131664887070656,negative,-0.1875,negative,-0.5565042868256569,negative,-0.4215,relevant|negative|2025,167.04545454545453
1865249802914587055,CASE_0251,2025,relevant,negative,negative,relevant,-1.0,neutral,-0.15943430177867413,neutral,0.0,negative,-0.9051035661250353,negative,-0.7003,relevant|negative|2025,167.04545454545453
1866315855057056191,CASE_0020,2024,relevant,negative,negative,relevant,-2.0,neutral,-0.4482731409370899,negative,-0.0625,negative,-0.3254176527261734,negative,-0.6239,relevant|negative|2024,168.07894736842104
1867363541843358188,CASE_0251,2025,relevant,negative,negative,relevant,-2.0,neutral,-0.12095127440989017,negative,-0.07407407407407407,negative,-0.5814642738550901,positive,0.3612,relevant|negative|2025,167.04545454545453
1867773290015580203,CASE_0251,2025,relevant,negative,negative,relevant,-1.0,neutral,-0.07659024000167847,negative,-0.08571428571428572,negative,-0.5353682078421116,positive,0.5719,relevant|negative|2025,167.04545454545453
1874587714298736808,CASE_0035,2024,spam,neutral,neutral,spam,0.0,positive,0.6943042445927858,positive,0.06451612903225806,positive,0.5169287198223174,positive,0.8074,spam|neutral|2024,177.375
187831444721242112,CASE_0547,archive,relevant,negative,negative,relevant,-1.0,neutral,-0.42056435346603394,neutral,0.0,neutral,-0.09734373912215233,negative,-0.34,relevant|negative|archive,166.27058823529413
1878456121083486285,CASE_0234,2025,tangential,neutral,neutral,tangential,0.0,neutral,0.07888808473944664,positive,0.04878048780487805,positive,0.6864732224494219,positive,0.7269,tangential|neutral|2025,159.14285714285714
1885806637060927664,CASE_0230,2025,relevant,negative,negative,relevant,-1.0,neutral,0.3825835157185793,positive,0.08,neutral,0.41024703765287995,positive,0.8807,relevant|negative|2025,167.04545454545453
1896889400648433718,CASE_0251,2025,tangential,negative,negative,tangential,-1.0,neutral,-0.3992321603000164,negative,-0.02631578947368421,negative,-0.9348082719370723,negative,-0.2023,tangential|negative|2025,245.0
1898219922255151389,CASE_0231,2025,relevant,negative,negative,relevant,-1.0,positive,0.6075878320261836,positive,0.04,neutral,0.16908228769898415,positive,0.8074,relevant|negative|2025,167.04545454545453
1905824340224131340,CASE_0231,2025,relevant,neutral,negative,relevant,-1.0,neutral,-0.11734730377793312,neutral,0.0,neutral,0.03074106201529503,positive,0.4466,relevant|negative|2025,167.04545454545453
1907361441910325653,CASE_0236,2025,tangential,negative,negative,spam,-2.0,negative,-0.7082520872354507,negative,-0.03225806451612903,negative,-0.8778582429513335,negative,-0.9722,spam|negative|2025,249.0
1908262930183053405,CASE_0240,2025,relevant,negative,negative,relevant,-1.0,negative,-0.9653820507228374,negative,-0.1,negative,-0.7477517975494266,negative,-0.7003,relevant|negative|2025,167.04545454545453
1908337176770756718,CASE_0251,2025,relevant,negative,negative,relevant,-2.0,negative,-0.7883133627474308,negative,-0.02702702702702703,negative,-0.8465338423848152,positive,0.5859,relevant|negative|2025,167.04545454545453
1908426220209049906,CASE_0240,2025,tangential,neutral,neutral,tangential,0.0,negative,-0.48275941237807274,negative,-0.05555555555555555,positive,0.9632390027400106,positive,0.3164,tangential|neutral|2025,159.14285714285714
1913669260993290747,CASE_0218,2025,tangential,neutral,neutral,relevant,0.0,neutral,-0.015295380726456642,neutral,0.0,neutral,-0.107312873005867,neutral,0.0,relevant|neutral|2025,172.0
1923375959639458229,CASE_0251,2025,relevant,negative,negative,relevant,-1.0,neutral,0.030942372977733612,negative,-0.05263157894736842,neutral,-0.03136375546455383,negative,-0.5859,relevant|negative|2025,167.04545454545453
1923453439578718308,CASE_0251,2025,relevant,neutral,neutral,relevant,0.0,neutral,-0.3104994650930166,negative,-0.125,neutral,-0.3716856390237808,negative,-0.25,relevant|neutral|2025,172.0
1923717123828060223,CASE_0251,2025,relevant,neutral,neutral,relevant,0.0,neutral,0.09972977638244629,negative,-0.021739130434782608,neutral,0.02328588254749775,positive,0.0644,relevant|neutral|2025,172.0
1924832419502498087,CASE_0251,2025,relevant,negative,negative,relevant,-1.0,negative,-0.6704357042908669,negative,-0.18181818181818182,negative,-0.4863524828106165,negative,-0.1759,relevant|negative|2025,167.04545454545453
1925246650232262935,CASE_0251,2025,relevant,negative,negative,relevant,-2.0,negative,-0.9319698214530945,negative,-0.1111111111111111,negative,-0.9016532357782125,negative,-0.8363,relevant|negative|2025,167.04545454545453
1929412339788390745,CASE_0251,2025,relevant,negative,neutral,relevant,0.0,neutral,-0.030263500288128853,neutral,0.0,neutral,0.0437405239790678,neutral,0.0,relevant|neutral|2025,172.0
1929568561090986057,CASE_0251,2025,relevant,neutral,neutral,relevant,0.0,neutral,0.1971342619508505,neutral,0.0,neutral,0.19232711102813482,positive,0.5106,relevant|neutral|2025,172.0
1948563950024753301,CASE_0226,2025,relevant,positive,positive,relevant,1.0,neutral,-0.18725150637328625,negative,-0.03773584905660377,negative,-0.9112350456416607,negative,-0.954,relevant|positive|2025,168.25
1952790355558223984,CASE_0236,2025,relevant,positive,positive,relevant,1.0,neutral,-0.0060222335159778595,negative,-0.02857142857142857,neutral,-0.037381066009402275,positive,0.2052,relevant|positive|2025,168.25
1962494024213991807,CASE_0236,2025,spam,neutral,neutral,tangential,0.0,neutral,-0.0014584623277187347,neutral,0.0,neutral,0.11380642745643854,neutral,0.0,tangential|neutral|2025,159.14285714285714
1968019867581420035,CASE_0236,2025,relevant,negative,negative,relevant,-1.0,neutral,-0.24592675641179085,negative,-0.06666666666666667,negative,-0.5468326359987259,negative,-0.5859,relevant|negative|2025,167.04545454545453
1983680559726604335,CASE_0236,2025,relevant,negative,negative,relevant,-2.0,negative,-0.9366382490843534,negative,-0.10714285714285714,negative,-0.7008628807961941,positive,0.0857,relevant|negative|2025,167.04545454545453
1993677613810827419,CASE_0214,2025,spam,neutral,neutral,spam,0.0,neutral,-0.0036518871784210205,neutral,0.0,neutral,0.10497107915580273,positive,0.296,spam|neutral|2025,166.0
1997161624080146900,CASE_0208,2025,relevant,negative,negative,relevant,-1.0,neutral,-0.2927681654691696,negative,-0.037037037037037035,neutral,-0.24655646830797195,positive,0.0772,relevant|negative|2025,167.04545454545453
1998205014477861194,CASE_0209,2025,relevant,neutral,neutral,relevant,0.0,neutral,-0.19038233160972595,neutral,0.0,neutral,-0.328568397089839,positive,0.0772,relevant|neutral|2025,172.0
2003512323991044290,CASE_0213,2025,relevant,negative,negative,relevant,-1.0,negative,-0.9081603260710835,negative,-0.21621621621621623,negative,-0.6927078450098634,negative,-0.5719,relevant|negative|2025,167.04545454545453
259094103361462272,CASE_0809,archive,spam,neutral,neutral,spam,0.0,negative,-0.9607739886268973,negative,-0.08333333333333333,negative,-0.7836775248870254,negative,-0.34,spam|neutral|archive,166.65116279069767
27357445651,CASE_0517,archive,relevant,neutral,neutral,relevant,0.0,neutral,-0.02381972223520279,neutral,0.0,neutral,0.037726571783423424,negative,-0.1027,relevant|neutral|archive,168.6
327894670799695872,CASE_0785,archive,tangential,neutral,neutral,tangential,0.0,neutral,-0.01577143557369709,neutral,0.0,neutral,0.020365124568343163,neutral,0.0,tangential|neutral|archive,166.66666666666666
339418640199843842,CASE_0547,archive,relevant,neutral,negative,relevant,-1.0,neutral,-0.17065373249351978,negative,-0.05263157894736842,neutral,0.019262218847870827,positive,0.0772,relevant|negative|archive,166.27058823529413
377236320701407232,CASE_0603,archive,relevant,neutral,neutral,relevant,0.0,negative,-0.9191382303833961,negative,-0.09090909090909091,neutral,-0.14597977884113789,neutral,0.0,relevant|neutral|archive,168.6
415123860132855808,CASE_0574,archive,relevant,neutral,neutral,relevant,0.0,neutral,-0.045661188662052155,negative,-0.07142857142857142,neutral,-0.3648148886859417,neutral,0.0,relevant|neutral|archive,168.6
418953617119248384,CASE_0794,archive,relevant,neutral,neutral,spam,0.0,negative,-0.87226602435112,negative,-0.16666666666666666,neutral,-0.13842971995472908,negative,-0.6124,spam|neutral|archive,166.65116279069767
420959839763050496,CASE_0568,archive,relevant,neutral,negative,relevant,-1.0,neutral,0.013624176383018494,neutral,0.0,neutral,-0.002176959067583084,neutral,0.0,relevant|negative|archive,166.27058823529413
472474346628579328,CASE_0607,archive,relevant,neutral,positive,spam,0.0,neutral,0.2831903239712119,positive,0.0625,positive,0.6565743768587708,positive,0.4939,spam|positive|archive,94.0
482725163935744000,CASE_0574,archive,relevant,positive,positive,relevant,1.0,neutral,0.13763468991965055,neutral,0.0,neutral,0.3383392859250307,positive,0.4767,relevant|positive|archive,163.75
501534024125280257,CASE_0758,archive,relevant,neutral,negative,relevant,-1.0,negative,-0.8625127924606204,negative,-0.05,negative,-0.6254883855581284,neutral,0.0,relevant|negative|archive,166.27058823529413
509383520595083264,CASE_0514,archive,relevant,negative,negative,relevant,-1.0,negative,-0.9257504940032959,negative,-0.125,neutral,-0.47196311317384243,neutral,0.0,relevant|negative|archive,166.27058823529413
510023220699725825,CASE_0785,archive,relevant,neutral,neutral,relevant,0.0,neutral,-0.20585881546139717,negative,-0.15,neutral,-0.07349553890526295,positive,0.6289,relevant|neutral|archive,168.6
530114084310904832,CASE_0749,archive,tangential,neutral,neutral,tangential,0.0,neutral,0.029103729873895645,neutral,0.0,neutral,0.13118251413106918,neutral,0.0,tangential|neutral|archive,166.66666666666666
531944205304999936,CASE_0749,archive,tangential,positive,positive,relevant,1.0,negative,-0.21575066447257996,positive,0.06666666666666667,neutral,0.22209330089390278,positive,0.296,relevant|positive|archive,163.75
534699914895560704,CASE_0431,archive,spam,neutral,neutral,spam,0.0,neutral,0.0018367357552051544,neutral,0.0,neutral,0.07815379928797483,positive,0.4466,spam|neutral|archive,166.65116279069767
543087928000659456,CASE_0462,archive,spam,neutral,neutral,spam,0.0,neutral,0.07191166467964649,neutral,0.0,neutral,0.16829147096723318,neutral,0.0,spam|neutral|archive,166.65116279069767
554729921860624384,CASE_0502,archive,tangential,neutral,neutral,tangential,0.0,neutral,-0.2595674395561218,neutral,0.0,neutral,-0.04571683704853058,positive,0.1779,tangential|neutral|archive,166.66666666666666
566350920586649600,CASE_0545,archive,spam,neutral,neutral,spam,0.0,neutral,-0.010120399296283722,neutral,0.0,neutral,0.054540916346013546,neutral,0.0,spam|neutral|archive,166.65116279069767
570706132534235138,CASE_0642,archive,spam,neutral,neutral,relevant,0.0,neutral,-0.022769108414649963,negative,-0.0625,neutral,-0.01742752268910408,positive,0.25,relevant|neutral|archive,168.6
573930803710791680,CASE_0777,archive,spam,neutral,negative,relevant,-1.0,negative,-0.8725436050444841,negative,-0.045454545454545456,negative,-0.6051381574943662,neutral,0.0,relevant|negative|archive,166.27058823529413
577939726977646592,CASE_0692,archive,spam,neutral,neutral,spam,0.0,neutral,-0.031891198828816414,neutral,0.0,neutral,0.0711795799434185,neutral,0.0,spam|neutral|archive,166.65116279069767
592787106738663425,CASE_0803,archive,tangential,neutral,neutral,tangential,0.0,neutral,-0.2061818428337574,neutral,0.0,neutral,-0.1518790517002344,positive,0.4466,tangential|neutral|archive,166.66666666666666
604352459981463552,CASE_0664,archive,relevant,neutral,neutral,relevant,0.0,negative,-0.9350983249023557,negative,-0.043478260869565216,negative,-0.6783014023676515,negative,-0.6369,relevant|neutral|archive,168.6
619425219992793088,CASE_0425,archive,tangential,neutral,neutral,tangential,0.0,neutral,0.0333163570612669,neutral,0.0,neutral,0.023598373867571354,positive,0.6705,tangential|neutral|archive,166.66666666666666
631169217946066945,CASE_0521,archive,tangential,neutral,neutral,tangential,0.0,neutral,-0.009465636685490608,neutral,0.0,neutral,0.05877521634101868,neutral,0.0,tangential|neutral|archive,166.66666666666666
631812845190053888,CASE_0607,archive,relevant,neutral,neutral,relevant,0.0,neutral,0.1597151756286621,neutral,0.0,neutral,0.09427429176867008,positive,0.296,relevant|neutral|archive,168.6
647448293702803456,CASE_0608,archive,spam,neutral,neutral,spam,0.0,neutral,0.015832841396331787,neutral,0.0,neutral,0.09425403084605932,neutral,0.0,spam|neutral|archive,166.65116279069767
683998704605478916,CASE_0615,archive,spam,neutral,neutral,spam,0.0,neutral,-0.01754768192768097,neutral,0.0,neutral,0.06518036685883999,positive,0.4466,spam|neutral|archive,166.65116279069767
684570397610655746,CASE_0664,archive,relevant,negative,negative,relevant,-1.0,neutral,-0.05153137817978859,negative,-0.037037037037037035,negative,-0.9291999442502856,negative,-0.2328,relevant|negative|archive,166.27058823529413
684716501669179392,CASE_0664,archive,tangential,neutral,neutral,relevant,0.0,negative,-0.8137721717357635,negative,-0.25,negative,-0.643836204893887,positive,0.8143,relevant|neutral|archive,168.6
686612409981775872,CASE_0664,archive,relevant,neutral,neutral,relevant,0.0,negative,-0.7636681329458952,negative,-0.045454545454545456,neutral,-0.06263461336493492,positive,0.6523,relevant|neutral|archive,168.6
691750472072478720,CASE_0513,archive,spam,neutral,neutral,spam,0.0,neutral,0.0011994317173957825,neutral,0.0,neutral,0.07225904334336519,positive,0.296,spam|neutral|archive,166.65116279069767
696820627970375683,CASE_0431,archive,spam,neutral,neutral,spam,0.0,neutral,0.0018367357552051544,neutral,0.0,neutral,0.07815379928797483,positive,0.4466,spam|neutral|archive,166.65116279069767
697790008070164481,CASE_0608,archive,spam,neutral,neutral,spam,0.0,neutral,0.015832841396331787,neutral,0.0,neutral,0.09425403084605932,neutral,0.0,spam|neutral|archive,166.65116279069767
702360587158872064,CASE_0454,archive,relevant,neutral,neutral,relevant,0.0,neutral,0.42712387908250093,neutral,0.0,neutral,0.16389683168381453,neutral,0.0,relevant|neutral|archive,168.6
702751079713210368,CASE_0612,archive,tangential,neutral,neutral,tangential,0.0,neutral,-0.0011957678943872452,neutral,0.0,neutral,0.043265098705887794,positive,0.5267,tangential|neutral|archive,166.66666666666666
710053831514587136,CASE_0554,archive,tangential,neutral,negative,relevant,-1.0,negative,-0.7834972199052572,negative,-0.0625,neutral,-0.27932456135749817,positive,0.296,relevant|negative|archive,166.27058823529413
714201341946630144,CASE_0454,archive,tangential,neutral,negative,relevant,-1.0,neutral,-0.08647916838526726,negative,-0.047619047619047616,positive,0.7768838666379452,negative,-0.0772,relevant|negative|archive,166.27058823529413
727469062712877056,CASE_0629,archive,tangential,neutral,neutral,tangential,0.0,positive,0.739900360815227,neutral,0.0,positive,0.6320442035794258,positive,0.2023,tangential|neutral|archive,166.66666666666666
732555602480627713,CASE_0603,archive,spam,neutral,neutral,spam,0.0,negative,-0.8645130954682827,negative,-0.09090909090909091,neutral,-0.36444517597556114,negative,-0.2263,spam|neutral|archive,166.65116279069767
732690454056173568,CASE_0603,archive,relevant,neutral,neutral,relevant,0.0,negative,-0.8989420030266047,negative,-0.125,neutral,-0.38759556226432323,negative,-0.2263,relevant|neutral|archive,168.6
736768130073174018,CASE_0545,archive,relevant,neutral,neutral,spam,0.0,neutral,0.021277831867337227,neutral,0.0,neutral,0.12365622818470001,neutral,0.0,spam|neutral|archive,166.65116279069767
744626969686474752,CASE_0628,archive,spam,neutral,neutral,spam,0.0,neutral,0.015035893768072128,neutral,0.0,neutral,0.17387694120407104,neutral,0.0,spam|neutral|archive,166.65116279069767
745413751944339457,CASE_0603,archive,relevant,neutral,neutral,relevant,0.0,neutral,0.4007880911231041,neutral,0.0,neutral,0.07084152195602655,positive,0.4939,relevant|neutral|archive,168.6
747896242844352512,CASE_0497,archive,relevant,neutral,neutral,relevant,0.0,neutral,0.006204964593052864,neutral,0.0,neutral,0.03948384150862694,neutral,0.0,relevant|neutral|archive,168.6
748588682366459904,CASE_0601,archive,spam,neutral,neutral,spam,0.0,neutral,0.043002743273973465,positive,0.04,positive,0.6638227915391326,positive,0.7371,spam|neutral|archive,166.65116279069767
749383887399358464,CASE_0628,archive,spam,neutral,neutral,spam,0.0,neutral,0.015035893768072128,neutral,0.0,neutral,0.17387694120407104,neutral,0.0,spam|neutral|archive,166.65116279069767
751903443250450432,CASE_0603,archive,tangential,neutral,neutral,tangential,0.0,neutral,0.0063442811369895935,neutral,0.0,neutral,0.15307370107620955,neutral,0.0,tangential|neutral|archive,166.66666666666666
752948366254891008,CASE_0532,archive,tangential,neutral,neutral,tangential,0.0,neutral,-0.011534396559000015,neutral,0.0,neutral,0.08059248561039567,neutral,0.0,tangential|neutral|archive,166.66666666666666
754505700609499136,CASE_0601,archive,spam,neutral,neutral,spam,0.0,neutral,-0.006459591910243034,neutral,0.0,neutral,0.009620919823646545,negative,-0.2808,spam|neutral|archive,166.65116279069767
764105166526246912,CASE_0532,archive,tangential,neutral,neutral,tangential,0.0,neutral,0.006058843806385994,neutral,0.0,neutral,0.02762645110487938,neutral,0.0,tangential|neutral|archive,166.66666666666666
768179887521705984,CASE_0490,archive,spam,neutral,neutral,spam,0.0,neutral,0.013489937409758568,neutral,0.0,neutral,0.08723669033497572,neutral,0.0,spam|neutral|archive,166.65116279069767
770770739255541760,CASE_0532,archive,tangential,neutral,neutral,tangential,0.0,neutral,-0.017389843240380287,neutral,0.0,neutral,0.3535300940275192,positive,0.4084,tangential|neutral|archive,166.66666666666666
775512510866882562,CASE_0532,archive,relevant,neutral,negative,relevant,-2.0,negative,-0.7555091641843319,negative,-0.045454545454545456,negative,-0.8660991853103042,negative,-0.6369,relevant|negative|archive,166.27058823529413
779580299613048832,CASE_0454,archive,relevant,negative,negative,relevant,-1.0,negative,-0.9186608055606484,negative,-0.20833333333333334,negative,-0.8004092508926988,negative,-0.7269,relevant|negative|archive,166.27058823529413
780009256531525632,CASE_0601,archive,spam,neutral,neutral,spam,0.0,neutral,-0.007233139127492905,neutral,0.0,neutral,0.06532521080225706,positive,0.3182,spam|neutral|archive,166.65116279069767
784554453429026816,CASE_0454,archive,tangential,neutral,neutral,spam,0.0,negative,-0.7815996874123812,negative,-0.09090909090909091,negative,-0.5992568116635084,negative,-0.2263,spam|neutral|archive,166.65116279069767
787503294428155904,CASE_0642,archive,spam,neutral,neutral,spam,0.0,neutral,0.025359390303492546,neutral,0.0,neutral,0.1040911553427577,neutral,0.0,spam|neutral|archive,166.65116279069767
788843488343359488,CASE_0490,archive,spam,neutral,neutral,spam,0.0,neutral,0.013489937409758568,neutral,0.0,neutral,0.08723669033497572,neutral,0.0,spam|neutral|archive,166.65116279069767
798242968826019840,CASE_0642,archive,relevant,positive,positive,relevant,1.0,neutral,0.4006103677675128,neutral,0.0,neutral,0.18564644269645214,positive,0.296,relevant|positive|archive,163.75
799991219745071106,CASE_0492,archive,relevant,negative,negative,relevant,-1.0,negative,-0.8963143266737461,neutral,0.0,negative,-0.508045008406043,positive,0.25,relevant|negative|archive,166.27058823529413
802229827491217409,CASE_0462,archive,relevant,negative,negative,relevant,-1.0,neutral,-0.061853980645537376,neutral,0.0,negative,-0.6143870986998081,negative,-0.4404,relevant|negative|archive,166.27058823529413
803696338961448960,CASE_0492,archive,relevant,negative,negative,relevant,-1.0,negative,-0.7154621761292219,negative,-0.1111111111111111,neutral,-0.42856395803391933,negative,-0.5859,relevant|negative|archive,166.27058823529413
806203216916455425,CASE_0601,archive,spam,neutral,neutral,tangential,0.0,neutral,0.011272499337792397,neutral,0.0,neutral,0.2245766445994377,positive,0.504,tangential|neutral|archive,166.66666666666666
812379249474682880,CASE_0492,archive,relevant,neutral,neutral,relevant,0.0,positive,0.8154857382178307,negative,-0.0625,neutral,-0.18589069694280624,negative,-0.1779,relevant|neutral|archive,168.6
817169076170752001,CASE_0540,archive,relevant,negative,negative,relevant,-1.0,negative,-0.9255520645529032,negative,-0.05,negative,-0.5934970825910568,positive,0.34,relevant|negative|archive,166.27058823529413
817169620868050945,CASE_0540,archive,relevant,negative,neutral,relevant,0.0,negative,-0.4623026214540005,negative,-0.045454545454545456,negative,-0.5067950803786516,positive,0.34,relevant|neutral|archive,168.6
817174029341749248,CASE_0540,archive,relevant,neutral,negative,spam,-1.0,negative,-0.9317693840712309,negative,-0.05,negative,-0.5828655082732439,positive,0.34,spam|negative|archive,168.85714285714286
817174664208224256,CASE_0540,archive,relevant,negative,negative,relevant,-1.0,negative,-0.9293056949973106,negative,-0.04,negative,-0.6055797077715397,positive,0.34,relevant|negative|archive,166.27058823529413
817180195744575488,CASE_0540,archive,relevant,negative,neutral,relevant,0.0,negative,-0.9246991593390703,negative,-0.05263157894736842,negative,-0.6204088479280472,positive,0.34,relevant|neutral|archive,168.6
817511840204943362,CASE_0540,archive,relevant,negative,negative,relevant,-1.0,neutral,-0.4337024074047804,negative,-0.038461538461538464,neutral,-0.08009113743901253,negative,-0.2263,relevant|negative|archive,166.27058823529413
818861323303927809,CASE_0540,archive,relevant,negative,negative,relevant,-1.0,negative,-0.9269316485151649,negative,-0.05263157894736842,negative,-0.588004401884973,positive,0.34,relevant|negative|archive,166.27058823529413
819529388593205248,CASE_0540,archive,tangential,negative,negative,relevant,-1.0,negative,-0.9495467357337475,negative,-0.05555555555555555,negative,-0.6338720237836242,negative,-0.5423,relevant|negative|archive,166.27058823529413
827354812119396353,CASE_0540,archive,relevant,neutral,positive,relevant,1.0,negative,-0.7345924600958824,neutral,0.0,neutral,-0.23959237337112427,negative,-0.34,relevant|positive|archive,163.75
828171604488286209,CASE_0540,archive,relevant,neutral,negative,relevant,-1.0,negative,-0.8205343317240477,negative,-0.08695652173913043,negative,-0.7585882106795907,neutral,0.0,relevant|negative|archive,166.27058823529413
828998337688768512,CASE_0601,archive,relevant,negative,negative,relevant,-1.0,negative,-0.9495779611170292,negative,-0.05555555555555555,negative,-0.8236811337992549,negative,-0.6808,relevant|negative|archive,166.27058823529413
829067256046903296,CASE_0601,archive,relevant,negative,negative,relevant,-1.0,negative,-0.9468755563721061,negative,-0.058823529411764705,negative,-0.8288072366267443,negative,-0.6808,relevant|negative|archive,166.27058823529413
829395019790315520,CASE_0601,archive,relevant,negative,negative,relevant,-1.0,negative,-0.6488955076783895,negative,-0.05,neutral,-0.274079043418169,negative,-0.2263,relevant|negative|archive,166.27058823529413
834508585304481797,CASE_0513,archive,spam,neutral,neutral,spam,0.0,neutral,-0.056605014950037,neutral,0.0,neutral,0.04160533286631107,neutral,0.0,spam|neutral|archive,166.65116279069767
836089522714705920,CASE_0629,archive,tangential,neutral,neutral,tangential,0.0,negative,-0.9089768100529909,neutral,0.0,neutral,-0.034330837428569794,positive,0.296,tangential|neutral|archive,166.66666666666666
836268300279644164,CASE_0431,archive,tangential,neutral,neutral,spam,0.0,neutral,0.0018367357552051544,neutral,0.0,neutral,0.07815379928797483,positive,0.4466,spam|neutral|archive,166.65116279069767
836738351591997443,CASE_0555,archive,tangential,neutral,neutral,spam,0.0,neutral,0.010655254125595093,neutral,0.0,neutral,0.2525582714006305,neutral,0.0,spam|neutral|archive,166.65116279069767
837778930895572992,CASE_0599,archive,tangential,neutral,neutral,spam,0.0,neutral,0.16360630095005035,neutral,0.0,neutral,-0.017618656158447266,positive,0.3182,spam|neutral|archive,166.65116279069767
840035692742889472,CASE_0540,archive,tangential,neutral,neutral,relevant,0.0,neutral,0.3004707507789135,neutral,0.0,positive,0.5965735577046871,positive,0.7506,relevant|neutral|archive,168.6
841057375121358848,CASE_0428,archive,tangential,neutral,neutral,spam,0.0,neutral,0.043002527207136154,neutral,0.0,neutral,0.2015292700380087,neutral,0.0,spam|neutral|archive,166.65116279069767
842519867966210048,CASE_0607,archive,relevant,neutral,neutral,relevant,0.0,neutral,0.036420900374650955,neutral,0.0,neutral,-0.012267444282770157,neutral,0.0,relevant|neutral|archive,168.6
842893723289772032,CASE_0497,archive,spam,neutral,neutral,spam,0.0,negative,-0.6205549612641335,negative,-0.058823529411764705,neutral,-0.034534383565187454,negative,-0.2263,spam|neutral|archive,166.65116279069767
852553574240456705,CASE_0497,archive,relevant,neutral,neutral,relevant,0.0,negative,-0.6306893937289715,negative,-0.047619047619047616,neutral,-0.05908560939133167,positive,0.4995,relevant|neutral|archive,168.6
853105950789484544,CASE_0497,archive,relevant,neutral,neutral,relevant,0.0,negative,-0.7063977904617786,negative,-0.047619047619047616,neutral,-0.036777347326278687,positive,0.0772,relevant|neutral|archive,168.6
853848497665298432,CASE_0483,archive,tangential,neutral,neutral,spam,0.0,neutral,-0.007277298718690872,neutral,0.0,neutral,0.044630711898207664,positive,0.7096,spam|neutral|archive,166.65116279069767
857623650857615360,CASE_0522,archive,relevant,neutral,neutral,relevant,0.0,negative,-0.586138878017664,negative,-0.14285714285714285,neutral,-0.2649891097098589,negative,-0.4708,relevant|neutral|archive,168.6
859460176289701889,CASE_0587,archive,relevant,neutral,negative,relevant,-1.0,neutral,-0.11200662702322006,negative,-0.15,neutral,-0.027244649827480316,positive,0.6289,relevant|negative|archive,166.27058823529413
864942656467501056,CASE_0540,archive,relevant,neutral,negative,relevant,-1.0,negative,-0.9468042179942131,neutral,0.0,negative,-0.6005422845482826,negative,-0.2263,relevant|negative|archive,166.27058823529413
865114037364731904,CASE_0540,archive,relevant,neutral,neutral,spam,0.0,negative,-0.5479030217975378,negative,-0.047619047619047616,neutral,-0.02079787477850914,negative,-0.2263,spam|neutral|archive,166.65116279069767
867851171259707392,CASE_0494,archive,spam,neutral,negative,spam,-1.0,negative,-0.8286224640905857,neutral,0.0,neutral,0.01868530362844467,positive,0.2263,spam|negative|archive,168.85714285714286
871057511503110144,CASE_0562,archive,tangential,neutral,neutral,tangential,0.0,neutral,-0.017498916015028954,neutral,0.0,neutral,0.006103973835706711,positive,0.5267,tangential|neutral|archive,166.66666666666666
875013583645667328,CASE_0494,archive,tangential,neutral,neutral,spam,0.0,neutral,-0.07371539808809757,neutral,0.0,neutral,-0.022382071241736412,positive,0.5904,spam|neutral|archive,166.65116279069767
875324661218906113,CASE_0387,archive,relevant,neutral,neutral,relevant,0.0,neutral,0.042810527607798576,neutral,0.0,neutral,0.11004005093127489,positive,0.296,relevant|neutral|archive,168.6
877319041311850501,CASE_0599,archive,relevant,negative,negative,relevant,-1.0,negative,-0.8755296897143126,negative,-0.17647058823529413,neutral,-0.323037039488554,positive,0.0516,relevant|negative|archive,166.27058823529413
877319920324943872,CASE_0599,archive,relevant,negative,negative,relevant,-1.0,negative,-0.9426694409921765,negative,-0.1875,neutral,-0.3989698104560375,positive,0.0516,relevant|negative|archive,166.27058823529413
877657685440700418,CASE_0599,archive,relevant,neutral,negative,relevant,-1.0,negative,-0.8703003861010075,negative,-0.1111111111111111,neutral,-0.38984726183116436,positive,0.0516,relevant|negative|archive,166.27058823529413
878162040992309248,CASE_0599,archive,relevant,negative,negative,relevant,-1.0,negative,-0.9411795288324356,negative,-0.041666666666666664,negative,-0.5711150718852878,negative,-0.743,relevant|negative|archive,166.27058823529413
878496327788789760,CASE_0599,archive,relevant,negative,negative,relevant,-1.0,negative,-0.9247652869671583,negative,-0.09090909090909091,negative,-0.5715715326368809,negative,-0.5267,relevant|negative|archive,166.27058823529413
879216513709944832,CASE_0562,archive,spam,neutral,neutral,spam,0.0,neutral,-0.074229896068573,negative,-0.05555555555555555,neutral,-0.13816579431295395,negative,-0.5859,spam|neutral|archive,166.65116279069767
882059736954175488,CASE_0599,archive,relevant,neutral,negative,relevant,-1.0,negative,-0.6925554759800434,negative,-0.06666666666666667,neutral,-0.3097333963960409,positive,0.0772,relevant|negative|archive,166.27058823529413
883385523351506944,CASE_0431,archive,tangential,neutral,neutral,tangential,0.0,neutral,-0.06257552839815617,neutral,0.0,neutral,0.025493156164884567,neutral,0.0,tangential|neutral|archive,166.66666666666666
884486435646173184,CASE_0492,archive,relevant,neutral,neutral,relevant,0.0,neutral,-0.01040419191122055,neutral,0.0,neutral,-0.28934301994740963,positive,0.0613,relevant|neutral|archive,168.6
885225232650260480,CASE_0492,archive,tangential,neutral,neutral,relevant,0.0,neutral,0.008233539760112762,neutral,0.0,neutral,0.01482933759689331,neutral,0.0,relevant|neutral|archive,168.6
885865577847422976,CASE_0492,archive,tangential,neutral,neutral,tangential,0.0,neutral,-0.038419224321842194,neutral,0.0,neutral,0.013125482946634293,neutral,0.0,tangential|neutral|archive,166.66666666666666
887244890718879744,CASE_0492,archive,relevant,neutral,negative,relevant,-1.0,neutral,-0.04335837811231613,neutral,0.0,neutral,-0.04059048742055893,positive,0.5719,relevant|negative|archive,166.27058823529413
888054818832560128,CASE_0428,archive,tangential,neutral,neutral,tangential,0.0,neutral,0.015010669827461243,neutral,0.0,neutral,0.0334602277725935,positive,0.6597,tangential|neutral|archive,166.66666666666666
888143659228704769,CASE_0442,archive,spam,neutral,neutral,relevant,0.0,neutral,-0.017779052257537842,neutral,0.0,neutral,-0.001039057970046997,neutral,0.0,relevant|neutral|archive,168.6
888521272736399361,CASE_0601,archive,tangential,neutral,neutral,spam,0.0,neutral,-0.10408214293420315,neutral,0.0,neutral,-0.06625967659056187,neutral,-0.0258,spam|neutral|archive,166.65116279069767
888522212038160385,CASE_0629,archive,tangential,neutral,neutral,spam,0.0,neutral,0.008900120854377747,neutral,0.0,neutral,-0.11190642043948174,negative,-0.2263,spam|neutral|archive,166.65116279069767
889839688424411136,CASE_0607,archive,relevant,negative,negative,relevant,-1.0,neutral,-0.0012748539447784424,neutral,0.0,neutral,-0.11207136511802673,neutral,0.0,relevant|negative|archive,166.27058823529413
889895860141776897,CASE_0563,archive,tangential,neutral,neutral,tangential,0.0,neutral,-0.011551544070243835,neutral,0.0,neutral,-0.012086968868970871,neutral,0.0,tangential|neutral|archive,166.66666666666666
890209388853686273,CASE_0629,archive,tangential,neutral,neutral,tangential,0.0,neutral,-0.01572178676724434,neutral,0.0,neutral,-0.0007510744035243988,neutral,0.0,tangential|neutral|archive,166.66666666666666
893128915623055360,CASE_0438,archive,tangential,neutral,neutral,tangential,0.0,neutral,0.00439390167593956,neutral,0.0,neutral,0.0023561790585517883,neutral,0.0,tangential|neutral|archive,166.66666666666666
89484239552266242,CASE_0517,archive,relevant,negative,negative,relevant,-1.0,neutral,-0.3772125467658043,negative,-0.13636363636363635,negative,-0.6804342521354556,negative,-0.765,relevant|negative|archive,166.27058823529413
895121729739030528,CASE_0589,archive,relevant,neutral,negative,relevant,-1.0,positive,0.8595294021070004,negative,-0.1,neutral,0.10443272814154625,positive,0.1531,relevant|negative|archive,166.27058823529413
895831824940896256,CASE_0599,archive,tangential,neutral,neutral,tangential,0.0,neutral,0.061420743353664875,neutral,0.0,neutral,0.12932085432112217,positive,0.296,tangential|neutral|archive,166.66666666666666
896013445362995200,CASE_0545,archive,relevant,neutral,negative,relevant,-1.0,neutral,-0.04221838526427746,negative,-0.1,neutral,-0.1492139957845211,positive,0.4466,relevant|negative|archive,166.27058823529413
900052117418672128,CASE_0599,archive,relevant,neutral,negative,relevant,-1.0,negative,-0.9016363741829991,neutral,0.0,neutral,-0.44148655608296394,negative,-0.3182,relevant|negative|archive,166.27058823529413
900312745303838720,CASE_0601,archive,relevant,neutral,neutral,relevant,0.0,neutral,-0.015420757234096527,neutral,0.0,neutral,0.04080457054078579,positive,0.4767,relevant|neutral|archive,168.6
905507226860699648,CASE_0601,archive,spam,neutral,neutral,spam,0.0,neutral,-0.0353731419891119,neutral,0.0,neutral,0.041364992037415504,neutral,0.0258,spam|neutral|archive,166.65116279069767
905829587573202944,CASE_0593,archive,tangential,neutral,neutral,tangential,0.0,neutral,-0.0013028010725975037,neutral,0.0,neutral,0.008987797424197197,neutral,0.0,tangential|neutral|archive,166.66666666666666
907361669118119938,CASE_0483,archive,relevant,positive,positive,relevant,1.0,neutral,0.3404458127915859,neutral,0.0,neutral,0.40275366324931383,positive,0.296,relevant|positive|archive,163.75
913407899057012742,CASE_0514,archive,relevant,positive,positive,relevant,1.0,positive,0.8923208210617304,neutral,0.0,positive,0.5973630496300757,positive,0.7906,relevant|positive|archive,163.75
918519969297719296,CASE_0692,archive,relevant,neutral,neutral,relevant,0.0,neutral,-0.019770383834838867,neutral,0.0,neutral,0.013447064906358719,positive,0.296,relevant|neutral|archive,168.6
922812639956422657,CASE_0612,archive,relevant,negative,negative,relevant,-1.0,negative,-0.560278058052063,neutral,0.0,neutral,-0.0709676444530487,neutral,0.0,relevant|negative|archive,166.27058823529413
928307751847104513,CASE_0594,archive,relevant,neutral,neutral,relevant,0.0,neutral,-0.20541464909911156,negative,-0.041666666666666664,neutral,-0.09196466021239758,positive,0.4995,relevant|neutral|archive,168.6
933754056450957313,CASE_0387,archive,relevant,neutral,neutral,relevant,0.0,neutral,0.03852472081780434,neutral,0.0,neutral,0.08008017856627703,positive,0.5267,relevant|neutral|archive,168.6
936690955096379392,CASE_0612,archive,relevant,neutral,neutral,relevant,0.0,negative,-0.8548247572034597,negative,-0.03333333333333333,neutral,-0.02515236660838127,positive,0.2577,relevant|neutral|archive,168.6
940307297087008768,CASE_0600,archive,relevant,neutral,negative,relevant,-1.0,negative,-0.7000971548259258,neutral,0.0,neutral,-0.1921187099069357,positive,0.3034,relevant|negative|archive,166.27058823529413
940719734206722048,CASE_0521,archive,tangential,negative,negative,tangential,-1.0,neutral,0.11675132811069489,negative,-0.2,negative,-0.8689818056300282,negative,-0.8271,tangential|negative|archive,141.66666666666666
942758707011743745,CASE_0600,archive,tangential,neutral,neutral,tangential,0.0,negative,-0.7954004611819983,neutral,0.0,neutral,-0.12951504439115524,negative,-0.128,tangential|neutral|archive,166.66666666666666
942841505584164864,CASE_0600,archive,relevant,negative,negative,relevant,-1.0,negative,-0.9292074926197529,neutral,0.0,neutral,-0.272260008379817,positive,0.4466,relevant|negative|archive,166.27058823529413
947570980712411137,CASE_0603,archive,relevant,negative,negative,relevant,-1.0,neutral,-0.1923195831477642,negative,-0.0625,neutral,-0.17467032000422478,positive,0.327,relevant|negative|archive,166.27058823529413
956980532167888896,CASE_0438,archive,relevant,neutral,negative,relevant,-1.0,neutral,-0.07136869989335537,negative,-0.023809523809523808,neutral,-0.05977054871618748,positive,0.7531,relevant|negative|archive,166.27058823529413
958866465813274624,CASE_0629,archive,spam,neutral,neutral,spam,0.0,neutral,0.10286313947290182,positive,0.03571428571428571,positive,0.8761384210083634,positive,0.717,spam|neutral|archive,166.65116279069767
960687889209282560,CASE_0603,archive,relevant,negative,negative,relevant,-1.0,neutral,-0.1570081226527691,negative,-0.038461538461538464,negative,-0.9143940256908536,negative,-0.7351,relevant|negative|archive,166.27058823529413
962000842692972544,CASE_0536,archive,relevant,neutral,neutral,relevant,0.0,positive,0.3616444766521454,negative,-0.022222222222222223,neutral,0.13818879332393408,negative,-0.204,relevant|neutral|archive,168.6
963911017645387780,CASE_0443,archive,tangential,neutral,neutral,tangential,0.0,neutral,0.03202931769192219,neutral,0.0,neutral,0.10232402477413416,neutral,0.0,tangential|neutral|archive,166.66666666666666
963979838393540608,CASE_0629,archive,tangential,negative,negative,spam,0.0,neutral,-0.21834367886185646,negative,-0.038461538461538464,negative,-0.7112090149894357,negative,-0.6319,spam|negative|archive,168.85714285714286
964492621656797184,CASE_0514,archive,relevant,positive,positive,relevant,1.0,neutral,0.16939363535493612,positive,0.05555555555555555,positive,0.8665038158651441,neutral,0.0,relevant|positive|archive,163.75
964704971458531328,CASE_0629,archive,tangential,negative,negative,spam,-1.0,neutral,-0.014371313154697418,negative,-0.038461538461538464,negative,-0.7577516101300716,negative,-0.836,spam|negative|archive,168.85714285714286
965959591040372737,CASE_0443,archive,relevant,negative,negative,relevant,-1.0,neutral,0.13433406129479408,negative,-0.04878048780487805,negative,-0.8784366138279438,negative,-0.5994,relevant|negative|archive,166.27058823529413
965959727158059008,CASE_0607,archive,relevant,negative,negative,relevant,-1.0,negative,-0.735989224165678,negative,-0.07692307692307693,negative,-0.7590808449313045,positive,0.296,relevant|negative|archive,166.27058823529413
968525755847204864,CASE_0495,archive,relevant,neutral,neutral,relevant,0.0,neutral,-0.1293751485645771,negative,-0.027777777777777776,negative,-0.649709234945476,negative,-0.765,relevant|neutral|archive,168.6
968528743533867008,CASE_0603,archive,tangential,negative,negative,tangential,-1.0,neutral,-0.055064450949430466,negative,-0.045454545454545456,negative,-0.9029790479689837,negative,-0.3818,tangential|negative|archive,141.66666666666666
970751349058080769,CASE_0601,archive,spam,negative,negative,spam,-1.0,negative,-0.8445776123553514,neutral,0.0,neutral,-0.016046185046434402,positive,0.4466,spam|negative|archive,168.85714285714286
971731642237800448,CASE_0387,archive,relevant,positive,positive,relevant,2.0,positive,0.9305226486176252,positive,0.05263157894736842,positive,0.9655143865384161,positive,0.836,relevant|positive|archive,163.75
972154419474202624,CASE_0521,archive,relevant,neutral,neutral,relevant,0.0,positive,0.6202544309198856,positive,0.041666666666666664,positive,0.6754014194011688,positive,0.9743,relevant|neutral|archive,168.6
972566648707276801,CASE_0571,archive,relevant,neutral,neutral,relevant,0.0,neutral,0.041715946048498154,negative,-0.07142857142857142,neutral,0.016864607110619545,positive,0.4404,relevant|neutral|archive,168.6
974294959632343041,CASE_0592,archive,tangential,neutral,neutral,tangential,0.0,positive,0.6891538295894861,neutral,0.0,neutral,0.08685540780425072,positive,0.5106,tangential|neutral|archive,166.66666666666666
974886478323974144,CASE_0569,archive,relevant,neutral,neutral,relevant,0.0,negative,-0.4331381171941757,negative,-0.05555555555555555,negative,-0.5721967089921236,negative,-0.128,relevant|neutral|archive,168.6
974993868633575425,CASE_0603,archive,relevant,neutral,negative,relevant,-1.0,negative,-0.95001713745296,negative,-0.047619047619047616,negative,-0.6441334979608655,positive,0.0601,relevant|negative|archive,166.27058823529413
979750341762789376,CASE_0569,archive,relevant,neutral,neutral,relevant,0.0,negative,-0.6644455548375845,negative,-0.041666666666666664,neutral,0.04182739369571209,positive,0.6808,relevant|neutral|archive,168.6
981189666148966402,CASE_0542,archive,tangential,neutral,neutral,tangential,-1.0,positive,0.2019253671169281,negative,-0.06666666666666667,neutral,-0.05337265878915787,positive,0.7351,tangential|neutral|archive,166.66666666666666
981314783520739328,CASE_0536,archive,tangential,neutral,negative,relevant,-1.0,negative,-0.5239367336034775,negative,-0.05,neutral,0.02983485907316208,positive,0.7579,relevant|negative|archive,166.27058823529413
987648223249682432,CASE_0520,archive,spam,neutral,neutral,relevant,0.0,neutral,-0.02675359509885311,neutral,0.0,neutral,0.04502587765455246,neutral,0.0,relevant|neutral|archive,168.6
992111728308768768,CASE_0495,archive,tangential,neutral,neutral,tangential,0.0,negative,-0.9501302959397435,negative,-0.06666666666666667,neutral,-0.4000017512589693,neutral,0.0258,tangential|neutral|archive,166.66666666666666
992370637866979330,CASE_0467,archive,spam,neutral,neutral,spam,0.0,neutral,0.01951119676232338,neutral,0.0,neutral,0.08719661273062229,positive,0.4466,spam|neutral|archive,166.65116279069767
992409234393493504,CASE_0443,archive,tangential,neutral,neutral,tangential,0.0,negative,-0.9324906766414642,negative,-0.06060606060606061,neutral,-0.4359470121562481,positive,0.7125,tangential|neutral|archive,166.66666666666666
992817028733067264,CASE_0593,archive,relevant,neutral,neutral,tangential,0.0,negative,-0.9593614879995584,negative,-0.029411764705882353,neutral,-0.08698529377579689,positive,0.296,tangential|neutral|archive,166.66666666666666
993539683794767873,CASE_0495,archive,tangential,neutral,neutral,tangential,0.0,negative,-0.9627470849081874,negative,-0.038461538461538464,neutral,-0.3504743482917547,negative,-0.2732,tangential|neutral|archive,166.66666666666666
994938242167427072,CASE_0495,archive,tangential,neutral,neutral,tangential,0.0,neutral,0.33623360097408295,neutral,0.0,neutral,0.14701340720057487,positive,0.5267,tangential|neutral|archive,166.66666666666666
995012642115936256,CASE_0505,archive,tangential,neutral,neutral,tangential,0.0,neutral,9.353086352348328e-05,neutral,0.0,neutral,0.06494528148323298,positive,0.4466,tangential|neutral|archive,166.66666666666666
996821296846655488,CASE_0495,archive,tangential,neutral,neutral,tangential,0.0,positive,0.9291523732244968,positive,0.03225806451612903,positive,0.6967209172435105,positive,0.6124,tangential|neutral|archive,166.66666666666666
